game_id,season,week,home_team,away_team,spread_line,pred_prob_home_win,predicted_label,actual
2025_01_DAL_PHI,2025,1,PHI,DAL,8.5,0.8107262666413417,1,1
2025_01_KC_LAC,2025,1,LAC,KC,-3.0,0.5311966067862771,1,1
2025_01_TB_ATL,2025,1,ATL,TB,-1.5,0.3100561745873346,0,0
2025_01_CIN_CLE,2025,1,CLE,CIN,-5.5,0.23331880304627664,0,0
2025_01_MIA_IND,2025,1,IND,MIA,1.5,0.4056574712870153,0,1
2025_01_CAR_JAX,2025,1,JAX,CAR,4.5,0.46244002959881053,0,1
2025_01_LV_NE,2025,1,NE,LV,2.5,0.5400754970506052,1,0
2025_01_ARI_NO,2025,1,NO,ARI,-6.0,0.34946238942150226,0,0
2025_01_PIT_NYJ,2025,1,NYJ,PIT,-3.0,0.6254236281710724,1,0
2025_01_NYG_WAS,2025,1,WAS,NYG,6.0,0.7554955830611063,1,1
2025_01_TEN_DEN,2025,1,DEN,TEN,8.5,0.8251341418005596,1,1
2025_01_SF_SEA,2025,1,SEA,SF,-2.5,0.6233729290393304,1,0
2025_01_DET_GB,2025,1,GB,DET,1.5,0.49034783383323444,0,1
2025_01_HOU_LA,2025,1,LA,HOU,3.5,0.6840068859356859,1,1
2025_01_BAL_BUF,2025,1,BUF,BAL,-1.5,0.4591572649357441,0,1
2025_01_MIN_CHI,2025,1,CHI,MIN,-1.5,0.38998413720925673,0,0
2025_02_WAS_GB,2025,2,GB,WAS,3.5,0.6322754856253511,1,1
2025_02_CLE_BAL,2025,2,BAL,CLE,12.5,0.9168692561223049,1,1
2025_02_JAX_CIN,2025,2,CIN,JAX,3.5,0.6697732996150172,1,1
2025_02_NYG_DAL,2025,2,DAL,NYG,4.5,0.7160705032204024,1,1
2025_02_CHI_DET,2025,2,DET,CHI,6.0,0.7724726768817213,1,1
2025_02_NE_MIA,2025,2,MIA,NE,1.5,0.6501973261337138,1,0
2025_02_SF_NO,2025,2,NO,SF,-3.0,0.479993457422366,0,0
2025_02_BUF_NYJ,2025,2,NYJ,BUF,-6.0,0.35906466629626677,0,0
2025_02_SEA_PIT,2025,2,PIT,SEA,3.5,0.4815378417675358,0,0
2025_02_LA_TEN,2025,2,TEN,LA,-5.5,0.37682157266746635,0,0
2025_02_CAR_ARI,2025,2,ARI,CAR,7.0,0.6637586272945522,1,1
2025_02_DEN_IND,2025,2,IND,DEN,-2.5,0.3580565845696148,0,1
2025_02_PHI_KC,2025,2,KC,PHI,-1.5,0.37479633701566384,0,0
2025_02_ATL_MIN,2025,2,MIN,ATL,3.5,0.6251329394508993,1,0
2025_02_TB_HOU,2025,2,HOU,TB,2.5,0.2614935239319589,0,0
2025_02_LAC_LV,2025,2,LV,LAC,-3.5,0.42866250605550715,0,0
2025_03_MIA_BUF,2025,3,BUF,MIA,12.5,0.7844835066830066,1,1
2025_03_ATL_CAR,2025,3,CAR,ATL,-5.5,0.4292652141038739,0,1
2025_03_GB_CLE,2025,3,CLE,GB,-8.5,0.15388754057440304,0,1
2025_03_HOU_JAX,2025,3,JAX,HOU,1.5,0.7305735260132371,1,1
2025_03_CIN_MIN,2025,3,MIN,CIN,3.0,0.44844422155821717,0,1
2025_03_PIT_NE,2025,3,NE,PIT,-1.5,0.5962681953703204,1,0
2025_03_LA_PHI,2025,3,PHI,LA,3.5,0.6163960587687661,1,1
2025_03_NYJ_TB,2025,3,TB,NYJ,6.5,0.7694032841738004,1,1
2025_03_IND_TEN,2025,3,TEN,IND,-6.0,0.3586447705451938,0,0
2025_03_LV_WAS,2025,3,WAS,LV,2.5,0.7215688363477898,1,1
2025_03_DEN_LAC,2025,3,LAC,DEN,2.5,0.5095346219865541,1,1
2025_03_NO_SEA,2025,3,SEA,NO,7.5,0.7040755393097984,1,1
2025_03_DAL_CHI,2025,3,CHI,DAL,-1.5,0.41787229385178937,0,1
2025_03_ARI_SF,2025,3,SF,ARI,1.5,0.5009309467488399,1,1
2025_03_KC_NYG,2025,3,NYG,KC,-6.0,0.43477047946188335,0,0
2025_03_DET_BAL,2025,3,BAL,DET,4.5,0.7158682724520606,1,0
2025_04_SEA_ARI,2025,4,ARI,SEA,-1.5,0.6224365682990184,1,0
2025_04_MIN_PIT,2025,4,PIT,MIN,-2.5,0.324837020676652,0,1
2025_04_WAS_ATL,2025,4,ATL,WAS,2.5,0.4213665475609306,0,1
2025_04_NO_BUF,2025,4,BUF,NO,15.5,0.8631829388114178,1,1
2025_04_CLE_DET,2025,4,DET,CLE,10.0,0.8946530841285163,1,1
2025_04_TEN_HOU,2025,4,HOU,TEN,7.5,0.6408182145723725,1,1
2025_04_CAR_NE,2025,4,NE,CAR,5.5,0.5588402800781589,1,1
2025_04_LAC_NYG,2025,4,NYG,LAC,-6.0,0.277737430934516,0,1
2025_04_PHI_TB,2025,4,TB,PHI,-3.5,0.6263146982360146,1,0
2025_04_IND_LA,2025,4,LA,IND,3.5,0.5317914431444623,1,1
2025_04_JAX_SF,2025,4,SF,JAX,3.5,0.5832905055439402,1,0
2025_04_BAL_KC,2025,4,KC,BAL,-2.5,0.316859745989245,0,1
2025_04_CHI_LV,2025,4,LV,CHI,1.5,0.5927577596128991,1,0
2025_04_NYJ_MIA,2025,4,MIA,NYJ,2.5,0.5553121536131042,1,1
2025_04_CIN_DEN,2025,4,DEN,CIN,7.5,0.6954689434600727,1,1
2025_05_SF_LA,2025,5,LA,SF,8.5,0.6276814641677009,1,0
2025_05_MIN_CLE,2025,5,CLE,MIN,-3.5,0.24380468187879925,0,0
2025_05_HOU_BAL,2025,5,BAL,HOU,-2.5,0.8307756954718888,1,0
2025_05_MIA_CAR,2025,5,CAR,MIA,-1.5,0.5139088660996264,1,1
2025_05_LV_IND,2025,5,IND,LV,7.0,0.6945097954466265,1,1
2025_05_NYG_NO,2025,5,NO,NYG,1.5,0.5064879104621723,1,1
2025_05_DAL_NYJ,2025,5,NYJ,DAL,1.5,0.536317540919102,1,0
2025_05_DEN_PHI,2025,5,PHI,DEN,3.5,0.5391892493063453,1,0
2025_05_TEN_ARI,2025,5,ARI,TEN,7.5,0.8286193731771624,1,0
2025_05_TB_SEA,2025,5,SEA,TB,3.5,0.36933725903508324,0,0
2025_05_DET_CIN,2025,5,CIN,DET,-10.5,0.2715612856533268,0,0
2025_05_WAS_LAC,2025,5,LAC,WAS,2.5,0.5714672067474303,1,0
2025_05_NE_BUF,2025,5,BUF,NE,7.5,0.7589686076919688,1,0
2025_05_KC_JAX,2025,5,JAX,KC,-3.5,0.5361758598881758,1,1
2025_06_PHI_NYG,2025,6,NYG,PHI,-7.0,0.327273124148435,0,1
2025_06_DEN_NYJ,2025,6,NYJ,DEN,-7.5,0.2555225142801289,0,0
2025_06_LA_BAL,2025,6,BAL,LA,-7.0,0.579121341381089,1,0
2025_06_DAL_CAR,2025,6,CAR,DAL,-3.0,0.5479433808409515,1,1
2025_06_ARI_IND,2025,6,IND,ARI,8.5,0.662443492601352,1,1
2025_06_SEA_JAX,2025,6,JAX,SEA,-1.5,0.5257247786284129,1,0
2025_06_LAC_MIA,2025,6,MIA,LAC,-3.5,0.37993915606471523,0,0
2025_06_NE_NO,2025,6,NO,NE,-3.5,0.4153858095083974,0,0
2025_06_CLE_PIT,2025,6,PIT,CLE,5.5,0.7072852430995739,1,1
2025_06_TEN_LV,2025,6,LV,TEN,3.5,0.664911221972048,1,1
2025_06_CIN_GB,2025,6,GB,CIN,14.0,0.8373915742089523,1,1
2025_06_SF_TB,2025,6,TB,SF,3.5,0.6583325254764452,1,1
2025_06_DET_KC,2025,6,KC,DET,2.5,0.38315627938720537,0,1
2025_06_BUF_ATL,2025,6,ATL,BUF,-3.5,0.4849897319082067,0,1
2025_06_CHI_WAS,2025,6,WAS,CHI,5.5,0.7053306507196834,1,0
2025_07_PIT_CIN,2025,7,CIN,PIT,-5.5,0.41486371944021055,0,1
2025_07_LA_JAX,2025,7,JAX,LA,-3.0,0.5048573163819507,1,0
2025_07_NO_CHI,2025,7,CHI,NO,4.5,0.6303177960590386,1,1
2025_07_MIA_CLE,2025,7,CLE,MIA,2.5,0.36339675061579496,0,1
2025_07_LV_KC,2025,7,KC,LV,13.5,0.7253029793909728,1,1
2025_07_PHI_MIN,2025,7,MIN,PHI,-2.5,0.4860654350218682,0,0
2025_07_CAR_NYJ,2025,7,NYJ,CAR,1.5,0.4544066394199564,0,0
2025_07_NE_TEN,2025,7,TEN,NE,-6.5,0.3131245848759086,0,0
2025_07_NYG_DEN,2025,7,DEN,NYG,7.5,0.7399268256824459,1,1
2025_07_IND_LAC,2025,7,LAC,IND,2.5,0.5280283425571762,1,0
2025_07_GB_ARI,2025,7,ARI,GB,-7.0,0.4473391023196206,0,0
2025_07_WAS_DAL,2025,7,DAL,WAS,1.5,0.44736549979890294,0,1
2025_07_ATL_SF,2025,7,SF,ATL,1.5,0.50286988118446,1,1
2025_07_TB_DET,2025,7,DET,TB,6.0,0.5384828646794997,1,1
2025_07_HOU_SEA,2025,7,SEA,HOU,3.0,0.5767821268098001,1,1
2025_08_MIN_LAC,2025,8,LAC,MIN,3.0,0.660903845426907,1,1
2025_08_MIA_ATL,2025,8,ATL,MIA,7.0,0.6905779202922391,1,0
2025_08_CHI_BAL,2025,8,BAL,CHI,2.5,0.612280443940214,1,1
2025_08_BUF_CAR,2025,8,CAR,BUF,-7.0,0.40692421970740483,0,0
2025_08_NYJ_CIN,2025,8,CIN,NYJ,5.5,0.5223966346287767,1,0
2025_08_SF_HOU,2025,8,HOU,SF,2.5,0.5287916411591126,1,1
2025_08_CLE_NE,2025,8,NE,CLE,7.0,0.821151218810795,1,1
2025_08_NYG_PHI,2025,8,PHI,NYG,7.0,0.6675167905270446,1,1
2025_08_TB_NO,2025,8,NO,TB,-4.5,0.35707777655479095,0,0
2025_08_DAL_DEN,2025,8,DEN,DAL,3.5,0.6429034280829213,1,1
2025_08_TEN_IND,2025,8,IND,TEN,15.5,0.9078048735179791,1,1
2025_08_GB_PIT,2025,8,PIT,GB,-3.0,0.46859444824674035,0,0
2025_08_WAS_KC,2025,8,KC,WAS,10.5,0.6048144974650479,1,1
2025_09_BAL_MIA,2025,9,MIA,BAL,-7.5,0.484245174926475,0,0
2025_09_CHI_CIN,2025,9,CIN,CHI,-3.0,0.36209887184002154,0,0
2025_09_MIN_DET,2025,9,DET,MIN,9.5,0.8282401253542981,1,0
2025_09_CAR_GB,2025,9,GB,CAR,12.5,0.7844453561485091,1,0
2025_09_DEN_HOU,2025,9,HOU,DEN,1.5,0.5084495587160174,1,0
2025_09_ATL_NE,2025,9,NE,ATL,5.5,0.7363022505925496,1,1
2025_09_SF_NYG,2025,9,NYG,SF,-2.5,0.4769476502515026,0,0
2025_09_IND_PIT,2025,9,PIT,IND,-3.5,0.29220058932167753,0,1
2025_09_LAC_TEN,2025,9,TEN,LAC,-10.0,0.22140085680084265,0,0
2025_09_NO_LA,2025,9,LA,NO,14.0,0.8039560060368905,1,1
2025_09_JAX_LV,2025,9,LV,JAX,-2.5,0.30407210310831667,0,0
2025_09_KC_BUF,2025,9,BUF,KC,-2.5,0.4855481822986338,0,1
2025_09_SEA_WAS,2025,9,WAS,SEA,-2.5,0.4362290705399247,0,0
2025_09_ARI_DAL,2025,9,DAL,ARI,3.5,0.5613831992647303,1,0
2025_10_LV_DEN,2025,10,DEN,LV,9.5,0.8242420864992546,1,1
2025_10_ATL_IND,2025,10,IND,ATL,6.5,0.7465788959465616,1,1
2025_10_NO_CAR,2025,10,CAR,NO,5.5,0.7090927838050266,1,0
2025_10_NYG_CHI,2025,10,CHI,NYG,4.5,0.666879334899969,1,1
2025_10_JAX_HOU,2025,10,HOU,JAX,-1.5,0.5850381788847577,1,1
2025_10_BUF_MIA,2025,10,MIA,BUF,-8.5,0.32275099108296434,0,1
2025_10_BAL_MIN,2025,10,MIN,BAL,-4.5,0.4335935593635964,0,0
2025_10_CLE_NYJ,2025,10,NYJ,CLE,-1.5,0.5964311482239117,1,1
2025_10_NE_TB,2025,10,TB,NE,2.5,0.4763179798829489,0,0
2025_10_ARI_SEA,2025,10,SEA,ARI,7.0,0.63941000696261,1,1
2025_10_LA_SF,2025,10,SF,LA,-5.5,0.3878665445015741,0,0
2025_10_DET_WAS,2025,10,WAS,DET,-8.5,0.33958896643414643,0,0
2025_10_PIT_LAC,2025,10,LAC,PIT,3.0,0.5760762754317653,1,1
2025_10_PHI_GB,2025,10,GB,PHI,1.5,0.5947840334137413,1,0
2025_11_NYJ_NE,2025,11,NE,NYJ,12.5,0.8269367421526093,1,1
2025_11_WAS_MIA,2025,11,MIA,WAS,2.5,0.5484351057255803,1,1
2025_11_CAR_ATL,2025,11,ATL,CAR,4.5,0.5911133327359986,1,0
2025_11_TB_BUF,2025,11,BUF,TB,6.0,0.6571170209549803,1,1
2025_11_LAC_JAX,2025,11,JAX,LAC,-3.0,0.47550718868308894,0,1
2025_11_CHI_MIN,2025,11,MIN,CHI,3.0,0.3541592011858265,0,0
2025_11_GB_NYG,2025,11,NYG,GB,-7.5,0.3755802842833291,0,0
2025_11_CIN_PIT,2025,11,PIT,CIN,5.5,0.6303036866816791,1,1
2025_11_HOU_TEN,2025,11,TEN,HOU,-5.5,0.23821904668551847,0,0
2025_11_SF_ARI,2025,11,ARI,SF,-3.5,0.5502288816444296,1,0
2025_11_SEA_LA,2025,11,LA,SEA,3.0,0.5957111323800466,1,1
2025_11_BAL_CLE,2025,11,CLE,BAL,-7.5,0.4369816559394745,0,0
2025_11_KC_DEN,2025,11,DEN,KC,-3.5,0.42303602756754943,0,1
2025_11_DET_PHI,2025,11,PHI,DET,2.5,0.40790635867897507,0,1
2025_11_DAL_LV,2025,11,LV,DAL,-3.5,0.24356694626630404,0,0
2025_12_BUF_HOU,2025,12,HOU,BUF,-5.5,0.5223722283820129,1,1
2025_12_NYJ_BAL,2025,12,BAL,NYJ,14.0,0.6169005996994162,1,1
2025_12_PIT_CHI,2025,12,CHI,PIT,3.0,0.6571271615045036,1,1
2025_12_NE_CIN,2025,12,CIN,NE,-7.5,0.18503636019225786,0,0
2025_12_NYG_DET,2025,12,DET,NYG,14.0,0.6757322600472198,1,1
2025_12_MIN_GB,2025,12,GB,MIN,6.5,0.7460414783682282,1,1
2025_12_IND_KC,2025,12,KC,IND,3.5,0.5128648555308547,1,1
2025_12_SEA_TEN,2025,12,TEN,SEA,-12.5,0.20568222487640012,0,0
2025_12_JAX_ARI,2025,12,ARI,JAX,-2.5,0.5269821405726253,1,0
2025_12_CLE_LV,2025,12,LV,CLE,3.0,0.4620880277494615,0,0
2025_12_PHI_DAL,2025,12,DAL,PHI,-3.0,0.5692781107412239,1,1
2025_12_ATL_NO,2025,12,NO,ATL,1.5,0.5147742988085126,1,0
2025_12_TB_LA,2025,12,LA,TB,7.0,0.6727508108377713,1,1
2025_12_CAR_SF,2025,12,SF,CAR,7.5,0.6623369835235079,1,1
2025_13_GB_DET,2025,13,DET,GB,2.5,0.466493202245306,0,0
2025_13_KC_DAL,2025,13,DAL,KC,-3.5,0.45779688576260463,0,1
2025_13_CIN_BAL,2025,13,BAL,CIN,7.0,0.6201273933083856,1,0
2025_13_CHI_PHI,2025,13,PHI,CHI,7.0,0.5232058561431756,1,0
2025_13_LA_CAR,2025,13,CAR,LA,-10.0,0.26961441960700316,0,1
2025_13_SF_CLE,2025,13,CLE,SF,-5.5,0.37617473236555005,0,0
2025_13_HOU_IND,2025,13,IND,HOU,3.0,0.5742308336892085,1,0
2025_13_NO_MIA,2025,13,MIA,NO,5.5,0.7189761522500177,1,1
2025_13_ATL_NYJ,2025,13,NYJ,ATL,-3.0,0.4459521744827975,0,1
2025_13_ARI_TB,2025,13,TB,ARI,4.5,0.5510073453374869,1,1
2025_13_JAX_TEN,2025,13,TEN,JAX,-6.0,0.35053268827967254,0,0
2025_13_MIN_SEA,2025,13,SEA,MIN,12.5,0.8317984770473187,1,1
2025_13_LV_LAC,2025,13,LAC,LV,10.0,0.786685820733185,1,1
2025_13_BUF_PIT,2025,13,PIT,BUF,-3.0,0.47306831250914655,0,0
2025_13_DEN_WAS,2025,13,WAS,DEN,-6.5,0.373573004574646,0,0
2025_13_NYG_NE,2025,13,NE,NYG,7.0,0.710804098677966,1,1
2025_14_DAL_DET,2025,14,DET,DAL,3.5,0.5237968772105528,1,1
2025_14_SEA_ATL,2025,14,ATL,SEA,-7.0,0.3753993158780147,0,0
2025_14_PIT_BAL,2025,14,BAL,PIT,5.5,0.5666869633173889,1,0
2025_14_TEN_CLE,2025,14,CLE,TEN,4.5,0.6470136753790837,1,0
2025_14_CHI_GB,2025,14,GB,CHI,6.5,0.6238871014199473,1,1
2025_14_IND_JAX,2025,14,JAX,IND,-2.5,0.37364128274413827,0,1
2025_14_WAS_MIN,2025,14,MIN,WAS,-1.5,0.3564902559889847,0,1
2025_14_MIA_NYJ,2025,14,NYJ,MIA,-2.5,0.4263963241774514,0,0
2025_14_NO_TB,2025,14,TB,NO,7.5,0.6599101399094158,1,0
2025_14_DEN_LV,2025,14,LV,DEN,-8.5,0.20716224746474401,0,0
2025_14_LA_ARI,2025,14,ARI,LA,-9.5,0.3337219967250608,0,0
2025_14_CIN_BUF,2025,14,BUF,CIN,6.0,0.6685074155570955,1,1
2025_14_HOU_KC,2025,14,KC,HOU,4.5,0.6503209349384548,1,0
2025_14_PHI_LAC,2025,14,LAC,PHI,-1.5,0.4919352194482684,0,1
2025_15_ATL_TB,2025,15,TB,ATL,6.0,0.5713135330372572,1,0
2025_15_CLE_CHI,2025,15,CHI,CLE,7.5,0.7499159863026943,1,1
2025_15_BAL_CIN,2025,15,CIN,BAL,-2.5,0.5510215114831235,1,0
2025_15_ARI_HOU,2025,15,HOU,ARI,10.5,0.6574228927357011,1,1
2025_15_NYJ_JAX,2025,15,JAX,NYJ,13.5,0.7551909696461175,1,1
2025_15_LAC_KC,2025,15,KC,LAC,5.5,0.653212569777034,1,0
2025_15_BUF_NE,2025,15,NE,BUF,-2.5,0.6529316649727032,1,0
2025_15_WAS_NYG,2025,15,NYG,WAS,2.5,0.769559871628525,1,0
2025_15_LV_PHI,2025,15,PHI,LV,12.5,0.8174261899883163,1,1
2025_15_GB_DEN,2025,15,DEN,GB,-1.5,0.4676483149559385,0,1
2025_15_DET_LA,2025,15,LA,DET,5.5,0.6943592072614624,1,1
2025_15_CAR_NO,2025,15,NO,CAR,-2.5,0.45716674225042214,0,1
2025_15_IND_SEA,2025,15,SEA,IND,13.5,0.6231634709844218,1,1
2025_15_TEN_SF,2025,15,SF,TEN,12.5,0.815503846411294,1,1
2025_15_MIN_DAL,2025,15,DAL,MIN,5.5,0.7757870356055827,1,0
2025_15_MIA_PIT,2025,15,PIT,MIA,3.0,0.4781949500507314,0,1
2025_16_LA_SEA,2025,16,SEA,LA,1.5,0.4687287300113069,0,1
2025_16_GB_CHI,2025,16,CHI,GB,1.5,0.4869538935120022,0,1
2025_16_PHI_WAS,2025,16,WAS,PHI,-7.0,0.2609713101383096,0,0
2025_16_NE_BAL,2025,16,BAL,NE,3.5,0.44653898609419646,0,0
2025_16_TB_CAR,2025,16,CAR,TB,-3.0,0.5707107474347911,1,1
2025_16_BUF_CLE,2025,16,CLE,BUF,-10.5,0.24710284583352277,0,0
2025_16_LAC_DAL,2025,16,DAL,LAC,1.5,0.5442474362639729,1,0
2025_16_NYJ_NO,2025,16,NO,NYJ,6.5,0.6172098369010405,1,1
2025_16_MIN_NYG,2025,16,NYG,MIN,-2.5,0.6892475827950273,1,0
2025_16_KC_TEN,2025,16,TEN,KC,-3.5,0.2849714951026697,0,1
2025_16_ATL_ARI,2025,16,ARI,ATL,-2.5,0.5057502291036768,1,0
2025_16_JAX_DEN,2025,16,DEN,JAX,3.5,0.5771150177023376,1,0
2025_16_PIT_DET,2025,16,DET,PIT,7.5,0.6790136570497255,1,0
2025_16_LV_HOU,2025,16,HOU,LV,14.5,0.8760764725239272,1,1
2025_16_CIN_MIA,2025,16,MIA,CIN,-3.5,0.6079470156488355,1,0
2025_16_SF_IND,2025,16,IND,SF,-4.5,0.5352602829512748,1,0
2025_17_DAL_WAS,2025,17,WAS,DAL,-8.5,0.4212869910919816,0,0
2025_17_DET_MIN,2025,17,MIN,DET,-7.0,0.40316854996801654,0,1
2025_17_DEN_KC,2025,17,KC,DEN,-13.5,0.43518228622867516,0,0
2025_17_SEA_CAR,2025,17,CAR,SEA,-6.5,0.29111596236087756,0,0
2025_17_ARI_CIN,2025,17,CIN,ARI,7.0,0.6017425782400526,1,1
2025_17_PIT_CLE,2025,17,CLE,PIT,-4.5,0.336668297859146,0,1
2025_17_BAL_GB,2025,17,GB,BAL,2.5,0.6081932389345182,1,0
2025_17_JAX_IND,2025,17,IND,JAX,-3.5,0.4109804231875868,0,0
2025_17_HOU_LAC,2025,17,LAC,HOU,1.5,0.6025182055343591,1,0
2025_17_NYG_LV,2025,17,LV,NYG,-3.0,0.39638580123683176,0,0
2025_17_TB_MIA,2025,17,MIA,TB,-5.5,0.6637913273155865,1,1
2025_17_NE_NYJ,2025,17,NYJ,NE,-12.5,0.21698392218479826,0,0
2025_17_NO_TEN,2025,17,TEN,NO,-1.5,0.5016763289658176,1,0
2025_17_PHI_BUF,2025,17,BUF,PHI,3.0,0.5215148885150579,1,0
2025_17_CHI_SF,2025,17,SF,CHI,3.5,0.559947756128308,1,1
2025_17_LA_ATL,2025,17,ATL,LA,-7.5,0.3046160446398946,0,1
2025_18_NO_ATL,2025,18,ATL,NO,4.5,0.5308633737782776,1,1
2025_18_NYJ_BUF,2025,18,BUF,NYJ,12.5,0.8470573015367403,1,1
2025_18_DET_CHI,2025,18,CHI,DET,3.5,0.6035577473056364,1,0
2025_18_CLE_CIN,2025,18,CIN,CLE,9.5,0.7160452574793212,1,0
2025_18_LAC_DEN,2025,18,DEN,LAC,14.5,0.6132275536791402,1,1
2025_18_IND_HOU,2025,18,HOU,IND,9.5,0.6961503189152896,1,1
2025_18_TEN_JAX,2025,18,JAX,TEN,12.5,0.7669783060014348,1,1
2025_18_ARI_LA,2025,18,LA,ARI,14.5,0.7994044218168365,1,1
2025_18_KC_LV,2025,18,LV,KC,-3.5,0.35819011136667367,0,1
2025_18_GB_MIN,2025,18,MIN,GB,12.5,0.3825637972186369,0,1
2025_18_MIA_NE,2025,18,NE,MIA,14.0,0.7292302623769347,1,1
2025_18_DAL_NYG,2025,18,NYG,DAL,-3.0,0.5283329945735884,1,1
2025_18_WAS_PHI,2025,18,PHI,WAS,3.0,0.719717779757535,1,0
2025_18_BAL_PIT,2025,18,PIT,BAL,-4.5,0.5011054555148232,1,1
2025_18_SEA_SF,2025,18,SF,SEA,-2.5,0.5940813128347328,1,0
2025_18_CAR_TB,2025,18,TB,CAR,3.0,0.5622366997954539,1,1
