game_id,season,week,home_team,away_team,spread_line,pred_prob_home_win,predicted_label,logged_at,actual
2026_05_TB_DAL,2026,5,DAL,TB,8.5,0.6124955513418627,1,2026-10-07T04:10:49+00:00,
2026_05_PHI_JAX,2026,5,JAX,PHI,7.0,0.7604534034900444,1,2026-10-07T04:10:49+00:00,
2026_05_CIN_MIA,2026,5,MIA,CIN,-7.0,0.2808740769697254,0,2026-10-07T04:10:49+00:00,
2026_05_LV_NE,2026,5,NE,LV,3.5,0.7733218525355121,1,2026-10-07T04:10:49+00:00,
2026_05_MIN_NO,2026,5,NO,MIN,-1.5,0.528096282571327,1,2026-10-07T04:10:49+00:00,
2026_05_CLE_NYJ,2026,5,NYJ,CLE,2.5,0.4701138051267638,0,2026-10-07T04:10:49+00:00,
2026_05_IND_PIT,2026,5,PIT,IND,2.5,0.6790199870708538,1,2026-10-07T04:10:49+00:00,
2026_05_HOU_TEN,2026,5,TEN,HOU,-7.5,0.4383469459054773,0,2026-10-07T04:10:49+00:00,
2026_05_NYG_WAS,2026,5,WAS,NYG,3.5,0.5049721253804376,1,2026-10-07T04:10:49+00:00,
2026_05_DEN_LAC,2026,5,LAC,DEN,-3.5,0.4644444318684813,0,2026-10-07T04:10:49+00:00,
2026_05_DET_ARI,2026,5,ARI,DET,-4.5,0.4337396454380773,0,2026-10-07T04:10:49+00:00,
2026_05_CHI_GB,2026,5,GB,CHI,-3.0,0.3079266372113234,0,2026-10-07T04:10:49+00:00,
2026_05_SF_SEA,2026,5,SEA,SF,2.5,0.4567852464957557,0,2026-10-07T04:10:49+00:00,
2026_05_BAL_ATL,2026,5,ATL,BAL,3.5,0.3869941092609545,0,2026-10-07T04:10:49+00:00,
2026_05_BUF_LA,2026,5,LA,BUF,2.5,0.5004717551256732,1,2026-10-07T04:10:49+00:00,
